Student,Balance,Income,Default
No,606.742343302464,44994.5558492173,No
Yes,527.540184074571,17636.5396172936,No
No,641.984388848021,30466.1032574814,No
No,773.211724534176,34353.3143050038,No
No,1228.30835035336,37408.5038685076,No
No,820.919204146184,47746.5420731016,No
Yes,904.040259066813,16882.3006056535,No
No,1536.59460097252,48766.9074575615,No
No,1207.53273014951,68037.5751261777,No
No,1373.45016328929,49101.7982141897,No
No,1216.45150955433,53639.8468273843,No
Yes,1486.99812160021,17854.3970280731,Yes
No,324.737921782032,15411.5185672943,No
Yes,736.2389354625,14107.9939653376,No
No,988.214458069386,48570.3634566327,No
No,836.300071623191,54607.1787395438,No
Yes,2205.79952114829,14271.492252976,Yes
Yes,927.887732263607,22473.3796109537,No
Yes,712.276351280275,23341.9502302432,No
Yes,706.161027541986,18078.3517921729,No
Yes,1774.69422305776,20359.5060855671,Yes
No,1889.59918976304,48956.1715885681,Yes
Yes,1899.3906258472,20655.2000032624,Yes
No,256.471227559815,37657.0559167999,No
Yes,1572.85648082363,14930.1783306833,Yes
No,1964.47687225275,39054.5891443139,Yes
No,1257.05522168594,34045.0088247242,No
No,561.925799124395,31388.5056454162,No
No,1530.35315714612,30003.8171511159,Yes
Yes,715.164109574279,21153.5110081716,No
No,705.204971986239,42683.187243286,No
No,908.77157368794,45032.8459851152,No
No,910.449023533628,44054.9164232696,No
Yes,979.224424632862,26010.8878031666,No
No,204.740181714577,17534.2905392742,No
Yes,1328.18380411907,24688.4737209337,No
No,230.230587898767,37875.614823143,No
No,1257.76020889191,30834.7713682736,No
Yes,1220.1776056907,15308.1270712607,No
No,1222.34769171407,32363.3710505847,No
No,1642.81999663825,46856.947039092,Yes
No,1991.64912011299,42133.3731759574,Yes
No,1550.44926441315,56273.5136083638,Yes
Yes,454.466962212937,15092.439307714,No
No,1328.89272521776,34710.0623657107,Yes
No,673.468191056081,32930.0693612804,No
No,600.723302967373,18680.516769028,No
Yes,1303.66258970167,7986.00033583452,No
No,639.820558249208,29902.0019867792,No
No,1700.59991348658,30488.9834104565,Yes
No,442.830222252675,55074.1308290001,No
No,758.702327534491,36625.9895523394,No
Yes,1184.93652302344,25108.756711813,No
Yes,1118.70103943078,21848.4429000063,Yes
No,1119.09724476071,37224.5678135129,Yes
No,1322.29709108436,51792.4023687088,No
No,704.184519980701,31515.9816788054,No
Yes,1095.46573957961,14065.1675680038,No
No,1089.3717909992,30224.5961304622,No
No,239.193366265676,33743.2265524886,No
No,777.023737418038,35115.0185512798,No
No,62.5715751601826,47946.7670938155,No
No,1981.45181538436,28127.8954733126,Yes
Yes,684.098519096228,4985.1691133645,No
No,1717.07159258608,38408.8909167269,Yes
No,0,36302.528437156,No
No,1465.21016364328,58699.9831975197,Yes
Yes,922.137890502439,12224.1851701983,No
No,750.410484208866,53084.9074806631,No
No,1763.57908789461,46227.0745421357,Yes
Yes,1770.96944052649,15975.5371965119,Yes
No,238.814643857072,23526.7109062151,No
No,696.014430649643,40741.4202403335,No
Yes,1178.24890887526,29362.604609009,No
No,244.081138800791,24854.2498236435,No
No,1278.86564161404,34673.1709932026,No
No,622.929507387178,48874.5557680461,No
Yes,1108.05351768099,10853.2309395985,No
No,687.306396976996,24563.7576757258,No
No,272.893257145115,58730.5728615017,No
No,1531.71645931978,43930.4000955678,Yes
Yes,1521.46339550225,15210.4740694568,No
No,780.172569171513,51656.8740637741,Yes
No,924.881441457044,35712.6379057533,No
No,773.740372463441,41872.4947626065,No
No,1206.66136205449,37125.5913512782,No
No,1051.94757326739,52888.1850963327,No
Yes,187.679885571478,18278.833967134,No
Yes,1947.02240116176,12147.0464091645,No
No,591.863619018556,31438.7760126708,No
No,1024.57823828863,33071.5499188853,No
Yes,1551.02346886055,19027.5086325602,Yes
No,981.596275086756,37747.9133548875,No
No,414.084049490222,47811.4189244222,No
No,679.39184176547,46603.5464098654,No
No,1036.67683328589,44923.8027469326,No
Yes,1504.29017813787,13965.1860445333,Yes
No,1202.88312357915,12288.127075016,No
No,384.997719463751,25380.7034543934,No
Yes,1871.93838694355,18077.4870927503,Yes
No,1309.2537724595,43278.0592842939,No
No,879.675617944934,30021.3833465031,No
Yes,1195.0596696449,21648.6566808064,No
No,1902.61299103773,53394.0762256759,Yes
No,795.541223505837,51303.1401368965,No
No,436.135012404984,46071.6605240224,No
Yes,1881.04995231902,16580.4505635578,Yes
No,556.11563127995,44197.9084625663,No
No,900.567503074961,40848.6917935743,No
No,1505.83147454065,29525.7494012187,Yes
No,110.854365105375,27370.30436569,No
No,924.241534804409,45207.3876257005,No
Yes,1889.33211032708,22652.1096342004,Yes
No,1243.55402519945,37634.3463986484,Yes
No,1088.6740772095,47147.7259452981,No
No,569.790872578607,54335.2240998272,No
Yes,251.306023741879,13058.6066581806,No
No,207.895206863744,52249.3123410668,No
No,1753.08438927503,48965.3469660968,Yes
No,624.083972234424,25557.6396710092,No
Yes,1027.86106974252,14322.0883601209,No
No,1964.01468409879,50553.5345217328,Yes
No,2033.19178970717,44998.2874372569,Yes
No,1488.77956191303,49803.2930787071,Yes
Yes,1424.55932328854,25398.1974394264,Yes
Yes,1139.39621359668,17139.8480911334,No
No,599.800862543391,30146.635742307,No
No,575.514383348284,54203.1902133298,No
No,1496.07211037409,40214.6208266244,Yes
Yes,1005.59382873394,15851.4826456384,No
No,484.679498992764,43900.0915627634,No
No,2024.10501794555,51508.8688750637,Yes
Yes,512.320202471464,24949.6216077124,No
No,353.739097129679,65526.8097376763,No
No,76.1322492185705,53594.4200078911,No
No,0,40393.475426742,No
No,2499.01674959731,51504.2939603673,Yes
Yes,1402.2675157905,12104.3156125042,Yes
No,1379.43071716928,38881.9693488013,Yes
No,938.637862081905,39459.7670351625,No
Yes,2502.68493124851,14947.5197523987,Yes
No,440.637650067582,50902.1361446325,No
Yes,876.91862459295,13372.5129190972,No
No,1129.97593669534,32795.0463387124,No
No,0,45788.4921149217,No
No,861.652948042994,27355.8050223478,No
Yes,895.458063540101,23795.5514988932,No
No,536.253861565682,32994.1513632918,No
Yes,1507.33394777159,23898.8782347949,Yes
Yes,1041.20279873936,22618.4241475367,No
No,1278.40730029171,36675.6068828001,Yes
No,401.829042222614,47175.6145225579,No
Yes,1418.58607157426,11556.6953127023,No
Yes,480.339703591062,14592.8404029742,No
Yes,471.143388673042,24945.0377452165,No
No,902.137819758817,59695.2904641564,No
Yes,1545.83064077307,12160.842279892,No
No,93.9405627936824,19811.3305427787,No
Yes,2123.36921697603,23836.4642624001,Yes
No,709.658699114718,37992.2129471808,No
Yes,1053.16173509751,25222.978843404,No
No,251.428221532138,25962.0591912929,No
No,1142.63797607011,26731.0903622272,No
Yes,146.735363398003,12716.2128314385,No
No,1576.30691570179,30547.7999713877,No
Yes,1026.12824734079,16430.6411248679,No
No,920.647422272782,37936.0891353303,No
Yes,1164.63072986992,17929.6529845722,No
No,1146.97142806638,30637.2972983416,No
Yes,1092.62065648598,27128.1672477681,No
Yes,936.473489576073,19389.4800308699,No
No,2220.96620112365,40725.0962073577,Yes
No,1907.37731125308,42346.8284633201,Yes
No,1349.46645574713,35870.0195124443,No
No,636.240520317224,17355.7575002454,No
No,439.837480329247,24452.6465959395,No
No,612.078447476017,39443.9574108415,No
Yes,1606.32036631954,13422.3071172582,No
No,1758.42094743883,49787.4565722879,Yes
Yes,1844.36171830721,14238.1132465561,No
Yes,1161.40734492091,18420.2988894148,No
No,457.869074702161,43134.5480105639,No
No,1241.95424288944,41952.1157720972,No
No,1218.55300529569,51224.9173051827,No
No,938.436913679829,34184.9428780471,No
No,1575.48781838196,35735.4550144135,Yes
No,1865.63577947078,49604.8821305309,Yes
Yes,883.923543700637,14740.1386756169,No
No,1319.48357858413,62054.9863940438,No
Yes,902.980719695453,15076.3385432134,No
No,970.852545776176,49043.7823235489,No
No,786.641008454562,57704.644609212,No
No,1790.67498344072,44607.4290190773,Yes
No,1567.61070445614,38785.3576829858,Yes
No,652.553316643973,32438.0580993505,No
No,2074.80758856856,38988.8592451984,Yes
Yes,2332.8782541994,11770.2341236926,Yes
No,835.273499671236,51471.1429480796,No
No,1647.426763853,49156.1593053497,No
No,1532.32629971463,42152.3617128869,Yes
No,1536.23227623546,30635.571790594,No
No,1685.45062340964,60890.3647952767,No
No,686.384431931289,28953.2703261944,No
No,696.428764268445,38028.2997175117,No
Yes,1840.217986795,26480.7192667426,No
No,1972.16681967648,34362.6350079998,Yes
Yes,1247.06723758895,15522.5841453256,No
No,1341.0777774559,40199.8414148092,No
Yes,2269.94696613409,18021.105947569,Yes
No,1861.06087104511,55671.723664137,Yes
No,1181.12374855228,29181.8390049907,No
No,818.060883412421,35902.4718016752,No
Yes,1469.36666818125,11337.4229891593,No
No,1456.54605630224,51508.5743439271,Yes
No,441.489919754581,39209.9001280774,No
No,570.981491394889,47021.0067172901,No
Yes,701.539370559622,17607.4578217575,No
No,1079.39600547751,38864.1448016021,No
No,1893.28979213479,31821.7255806098,Yes
Yes,2009.6857436175,25694.4961577195,Yes
No,1337.39087740802,51507.5009172858,No
No,743.055931704974,40944.5638044847,No
No,1858.9045150328,35525.2139266658,Yes
Yes,469.456415113981,13944.8933994208,No
Yes,1485.27211754258,10300.8554419372,No
Yes,1319.53400499073,24032.5441186774,No
No,778.830165590655,44257.3310325373,No
No,1478.12406941257,31515.3444926478,Yes
No,1218.34651457605,43930.9898912831,No
No,1772.85548374805,42080.1068361856,Yes
No,960.237692052783,53418.510829153,No
Yes,1790.36053654332,14306.823602407,Yes
No,1425.80162855037,34015.8498706349,No
Yes,1167.62012409765,23502.2128231377,No
Yes,722.055420122016,14661.5245624088,No
No,1170.19897414894,46692.1047752222,Yes
No,840.136505158277,38738.1771531566,No
No,428.842161894841,36980.1392701934,No
No,1554.81631872328,26430.4894049186,Yes
No,601.417290539683,41490.6158444197,No
No,765.772445061049,35122.0273798104,No
No,1891.10961430646,34448.693854621,Yes
No,942.279908319669,24683.3808068886,No
Yes,1261.25713821857,26085.0761176399,No
Yes,1836.16176454549,18944.8078756839,Yes
Yes,889.01231271351,10382.9368009385,No
No,280.959049718201,29998.8573033458,No
No,800.177345639351,43547.3981682596,No
Yes,300.795504329199,19673.6740583538,No
Yes,1748.68084923477,13715.4243783026,Yes
No,1807.68449070323,42308.9544537047,Yes
No,833.070562943636,36330.2620852814,No
Yes,1207.05248263756,24747.8899692653,No
Yes,715.717417435997,27285.3332362387,No
Yes,792.577561599726,21347.2734497751,No
No,306.995202580848,43504.3052364636,No
No,737.150431835345,50544.7841921839,No
No,485.868909720813,14213.7055827875,No
No,2005.57512847055,36636.0085937313,Yes
No,1823.7514257788,53526.3564109476,Yes
No,1116.06577105079,37074.0613666501,No
No,118.598450931479,35974.7640052522,No
Yes,1893.6643342683,21526.3506270682,Yes
No,768.043633927125,35951.1246696067,No
Yes,1300.70792413699,13675.520182646,No
No,293.452357466707,38528.4473640524,No
No,427.117689978097,34193.1609253433,No
No,1135.04734947211,48982.225852038,Yes
Yes,1790.54409245898,21938.2092322296,No
Yes,1925.98279481192,17763.3503033729,Yes
Yes,1455.68418242228,14822.8330565636,No
Yes,527.056085247217,22986.2838213203,No
Yes,1944.677458621,13026.0467334358,Yes
Yes,2261.84816166666,20030.1651194096,Yes
No,933.521200054954,40378.4231241276,No
Yes,382.003276268327,19951.7217195845,No
Yes,1492.96342101535,11054.0684385758,Yes
No,241.94073994952,47843.0797377543,No
Yes,2308.89323579289,19110.2664124636,No
No,563.150191515129,43028.597200306,No
Yes,795.540791546717,10257.6724866771,No
No,1322.72397902781,23229.9091337731,Yes
Yes,559.498302110046,16994.5786720969,No
Yes,306.610770383547,11511.8842202514,No
No,1271.25098586546,42533.2676642295,No
Yes,1724.96323223373,22170.6873405632,Yes
No,914.972379535741,52871.324365823,No
No,1706.95684088777,21738.7963336109,Yes
Yes,762.585019280848,24738.1184475607,No
Yes,1737.53781487332,20974.0345941776,Yes
No,203.263817193147,46518.1324112585,No
No,1558.46347122157,41648.326172772,Yes
No,883.907073044784,41668.1062021513,No
Yes,1812.07999802736,17962.2701593326,Yes
No,385.690838730115,44650.7829612035,No
Yes,1333.09747140116,29363.9717414648,No
Yes,1956.92390589788,15574.389976252,Yes
No,903.549304730362,46971.5621697052,No
Yes,287.607413255777,24440.2251953526,No
No,223.686918061528,23513.295384302,No
No,627.353353332945,37616.465943813,No
No,2023.73360278694,32094.6278057806,Yes
No,555.665290924347,46584.7305012296,No
Yes,461.782764768532,17609.8305189709,No
No,1648.4740168088,55548.2541750171,Yes
No,911.926441504846,41249.2817354287,No
No,1374.47471172714,35805.708860939,Yes
Yes,322.311954337769,10056.1105453176,No
No,770.519898519213,44509.5753879851,No
No,1015.72588136653,31820.9412716706,No
Yes,2134.93448768395,20330.8648725049,Yes
Yes,1234.94271600877,26919.1159560062,No
No,257.897657222952,39477.0318565651,No
No,1494.52113519744,42280.4078513644,No
No,1005.4440884865,40615.342195768,No
Yes,1321.32915896267,20302.2194675724,No
No,834.711894553582,28553.4718813516,No
No,838.276067699318,55082.317526616,No
No,981.839796266037,23636.9763420578,No
No,805.520628314094,43383.7065437576,No
No,613.111142058477,38632.130636444,No
No,2133.46420858019,28237.8823408005,Yes
No,0,41371.661191841,No
No,887.468137060003,30563.7702579257,No
Yes,2110.55685791454,19345.1047348054,Yes
No,715.392921772967,49473.3763755855,No
Yes,877.879803531887,18217.6136511989,No
No,681.417622702994,26426.2292056102,No
No,59.1324986388108,34162.2352560831,No
Yes,1635.22294194078,8531.03808542902,No
No,526.470864997169,44241.565615351,No
Yes,915.4626481639,27283.3198293763,No
Yes,1983.23447461812,25687.9297474383,Yes
No,659.04041078169,47942.2498219449,No
No,471.356517447274,45573.3081141684,No
No,855.822381005313,56219.8088366298,No
No,1066.88408412325,44918.4123168182,Yes
Yes,716.185750858655,7997.62294361932,No
Yes,744.787902383805,22343.0973893148,No
No,961.999353015986,37073.1923811729,No
No,1789.09339109987,48331.1268575393,Yes
No,300.876206227772,51423.6946425968,No
No,1183.98331144049,53599.7455269133,No
No,70.9831629934718,40012.5329121316,No
No,201.558399425731,27924.8465630726,No
Yes,1142.12695524822,9184.73276156983,No
Yes,1024.10880694689,18667.9256525825,No
Yes,1707.91463425405,10591.7174194295,Yes
No,1236.6179140601,40668.7253963171,No
Yes,1357.41186805469,22572.7901256335,No
No,1804.03647479983,31318.2960261534,Yes
No,1280.76286092074,53675.5675472481,No
No,708.813976162634,38295.2338064477,No
No,1424.35121841429,37845.9992477028,No
No,645.591636551786,44402.1062312719,No
No,0,32660.7252649811,No
No,917.122134744439,48227.8193683666,No
Yes,1062.16650954245,17383.2585454709,No
Yes,1543.09958172153,18304.6505704658,Yes
No,943.165719446864,40369.698030948,No
Yes,1793.30318771576,21034.879651448,No
No,1665.95462052155,30070.1352632412,Yes
No,289.598834250938,25724.7706367641,No
Yes,2035.8615565476,14435.8431942214,Yes
Yes,1202.39070517802,14036.620879558,No
Yes,1211.04014613146,16898.1294674003,No
No,576.068992874936,40179.8300541546,No
No,390.745611388115,38442.2960634912,No
No,578.460742369529,20306.9360124815,No
No,863.451829577627,33529.8806538019,No
No,943.951244268014,28353.6300145366,No
No,1206.79193715819,42916.7013947578,No
No,471.255083069548,28417.7419907703,No
No,2085.58697818353,35657.2256698962,Yes
Yes,1222.76804081128,18276.4340649165,No
No,1254.13105462545,37456.2619909468,No
Yes,2387.31486743364,28296.9147184635,Yes
Yes,1029.24963218458,18018.3583136311,No
No,770.641939176912,29623.4712882976,No
No,586.588274391792,45519.8377116616,No
Yes,550.381055833744,20322.7686347979,No
No,1164.10427048393,40167.0233128899,No
No,1008.55034292713,53801.615635285,No
No,0,50127.1804741922,No
Yes,1824.36800350788,20074.2810967841,No
Yes,569.498790806108,19755.5211422929,No
No,0,37796.4034569112,No
No,982.450944888935,42907.0261908208,No
Yes,1067.67076675223,14485.9484894986,No
No,697.982915044228,29799.3191983562,No
Yes,1500.89453315482,15802.2328831476,Yes
No,1165.53985274392,50341.5739037884,Yes
Yes,1380.09673715717,14142.0754374369,No
No,472.633228937598,41257.3860294191,No
Yes,522.767758901133,26900.2807227485,No
Yes,294.65648754174,11681.4623321504,No
No,1407.6395145697,52746.1331466994,No
Yes,1417.22549877778,16053.9742636275,No
Yes,1894.1682010356,28321.6845474436,Yes
No,1168.2845384156,46904.6038233881,No
No,766.124054874063,51614.0562036621,No
Yes,1289.24621049482,13624.5452584786,Yes
No,545.566510669189,35714.6511274284,No
Yes,2169.1961867561,18195.266900905,Yes
No,1165.68915192015,38110.3647750537,No
No,562.801930706545,41934.5973333166,No
No,745.733892852885,60180.5611339407,No
No,1899.54684151896,46076.2371099545,Yes
Yes,2415.31699391853,17429.5033745137,Yes
Yes,1122.29238597316,20351.3360667593,No
No,983.560560031475,26050.1300463799,No
No,1751.34708758191,38381.5857951998,Yes
No,2228.47228298224,27438.3489877222,Yes
No,605.863800626186,34515.1956633224,No
No,1036.50374625816,37151.410641444,No
Yes,1048.53898279114,10392.0641103791,No
No,1578.84749623035,61220.1331459947,Yes
No,1531.9629579638,33595.4327847968,No
No,352.798060721095,36751.9778574127,No
Yes,1966.06296646795,17735.7788026984,Yes
No,1898.32349723464,61011.2159467102,Yes
No,486.384423514895,53051.72367742,No
No,888.244587469896,41489.1912488471,No
No,1126.98801117244,47378.0191766657,No
No,648.321454451411,45392.2840271357,No
No,1166.79852718668,30367.6108561366,Yes
No,671.669572518594,26142.9116090434,No
Yes,2124.48923886948,12651.0743188128,Yes
No,59.9658271032766,24889.2545892544,No
No,545.605211623034,27236.5581442037,No
Yes,587.874754114786,18448.100273857,No
No,1302.73474174655,43680.065235685,Yes
Yes,2008.03298475156,18601.4030905943,Yes
No,1922.82904619158,56202.5761963902,Yes
No,899.483312099838,36361.9780794584,No
No,167.606098803978,20150.902761931,No
Yes,1521.49668224023,16830.5651365535,No
No,770.081934570081,38010.2611136634,No
No,0,49471.749397732,No
No,668.942259766387,42028.923839609,No
No,2080.93724738167,34494.1712062838,Yes
No,1731.6807661524,56228.9216823573,Yes
No,1903.66721921081,41173.5039918827,Yes
No,1488.55877463986,22256.8636914601,Yes
No,1127.8226863357,43344.8942878488,No
No,696.51006679722,28610.1946592679,No
No,890.407653226291,52943.3834046946,No
No,979.855046191761,40374.051564876,No
Yes,1416.9661563736,11104.5663246846,No
No,1585.72940149394,52274.8601245548,Yes
Yes,1113.57797796538,17593.5298518795,No
No,4.1094981453831,38326.1983601291,No
No,203.958043684028,63638.1873187928,No
Yes,1171.51991582291,17642.2677538646,No
Yes,1475.05743781716,20210.2726246288,Yes
Yes,1334.66626447237,18064.7783445647,No
No,1332.38617766582,53517.350489625,Yes
No,470.035913442893,29309.127258716,No
Yes,1328.67153101328,13389.4337862024,No
Yes,444.025308381459,23691.9832171524,No
No,446.964465927462,27626.6025690877,No
Yes,1137.42108492749,16177.2729087737,No
No,1429.39337850864,31387.700328731,No
No,503.513808814529,62115.1050819044,No
Yes,2179.22142805877,15302.7765041428,Yes
Yes,1255.42583518715,19885.7611482268,No
No,1524.43670328131,18878.5544825791,No
No,1360.38578198715,28992.0018194355,Yes
No,83.0803727287823,45442.8298623253,No
No,674.804716962235,47653.6159785354,No
Yes,2004.3940010495,18860.8466453611,Yes
No,1469.60383564639,43436.9520748192,No
No,1378.29706776945,43411.6619224584,No
No,1504.75537803833,26183.2453525162,Yes
Yes,367.363419274672,16295.5624749992,No
Yes,1222.95846367801,15174.9724609139,No
No,1067.84243863848,70700.6478404576,No
No,1114.088014707,59200.1369964562,No
No,1596.87342986645,34655.8800325605,No
Yes,2370.46361152636,24251.9587219194,No
No,1447.02228057939,37322.710221796,No
Yes,797.373647480833,23438.1458035913,No
No,1195.35982220074,42107.3640000123,No
No,1672.50606273916,66466.460890915,Yes
Yes,1237.62186571379,14862.7054597298,Yes
Yes,1470.47458641012,18621.170430494,No
Yes,1129.11390918636,13580.2569642632,No
No,1159.93657960376,46789.8806265537,No
Yes,1778.12151243631,17060.9274523287,No
No,688.105491060263,27080.7425441104,No
No,460.873865041046,49243.4447853166,No
No,655.629150055933,40257.9329916046,No
No,504.739525342174,59560.1796602225,No
No,2008.45859591035,35145.0476213865,Yes
No,1007.27799464763,45124.0404355969,No
No,786.802308362249,38023.6148140319,No
Yes,1814.55889529126,24177.2725239766,No
No,933.751152075546,52319.1535099304,No
No,338.06832186229,47340.0266909586,No
No,1213.7941049861,48796.8492780349,No
No,590.999730015612,50246.7155358911,No
No,438.234685195282,48859.2610204599,No
No,994.199964316657,52689.5394318756,No
Yes,2321.88222078406,21331.3147812222,Yes
No,107.921849415466,33764.2020744309,No
No,1342.26287404933,35691.6373626218,Yes
No,0,25603.5332583784,No
Yes,2334.12355928646,19335.8892870067,Yes
No,747.455393381215,43898.7506313104,No
No,1632.89411755965,44326.5848389279,Yes
Yes,937.197434022924,18411.8244296162,No
No,0,55760.5019383757,No
No,578.836277403294,25522.5199803339,No
No,417.592210757132,48035.6096423654,No
No,2147.3125781201,58271.3908258596,Yes
Yes,1411.60736458353,16677.3069228501,No
Yes,1803.94456724079,29100.8192252135,Yes
No,615.465388230695,25865.1806189451,No
Yes,552.877704238618,14320.8597947813,No
Yes,1234.24991259327,12268.3649559429,No
No,1008.3574622206,39610.6253746006,No
No,228.955854756653,36783.0052497006,No
No,739.859747736702,30853.2930851045,No
No,1580.86672734265,36513.6167167876,No
No,617.348763535131,38106.7883339974,No
No,1673.48634915562,49310.3329074721,Yes
Yes,2216.01766888986,20911.695635345,Yes
No,1319.81645438772,36548.8183522009,Yes
No,172.975785497621,47060.6314248485,No
Yes,1497.36480871339,10576.3414807282,No
Yes,1819.94093603444,19393.4829690793,Yes
Yes,2047.41700651498,13678.508032147,Yes
No,686.163294807317,33190.4271290868,No
No,1144.24200204036,28018.9955741467,No
No,814.286311995171,36613.7070884905,No
Yes,1828.61432512578,20225.8061141141,No
No,1644.69662278627,61474.9344461318,Yes
No,527.252016259759,49280.3009402279,No
No,269.289219595483,33846.508638631,No
No,0,47895.8049172029,No
No,1823.40410518463,14664.1381225121,Yes
No,588.7801860656,58764.3637567687,No
No,698.56735192862,31754.5234215337,Yes
Yes,1581.06593572758,17331.3258296657,No
Yes,1759.41232517457,11556.1845280469,No
Yes,2182.60434354643,20780.69245487,Yes
No,1059.86582999024,33567.8450260249,No
No,202.070432925658,28814.1753058697,No
Yes,1018.09933818812,18239.2817032363,No
No,1672.0314827914,50327.3677566251,Yes
No,1396.78918130163,40371.1247388957,Yes
No,938.280180319813,33341.9631911132,No
Yes,2291.61768844883,20837.2094471977,Yes
No,630.608540429953,52491.5586737334,No
No,697.62139806607,48469.8814036304,No
No,1251.23590590048,43191.3120886386,No
No,1102.30203229907,38872.1299228802,No
No,923.992516417842,27818.2468659303,No
No,478.401744719427,30338.3568611308,No
No,1302.39985423502,15468.3447408757,No
No,1246.62613832251,41930.155003598,No
No,198.385707995449,37085.6037122098,No
No,1114.94577466771,45832.9483249515,No
Yes,1665.70832014732,21024.2716484296,Yes
No,1177.92084256329,30169.2958145926,No
No,1114.53687054082,35044.7298212792,No
Yes,1224.63687161053,25717.0706415941,No
No,241.163150062669,36581.2591238761,No
Yes,1195.81381121066,19906.7314933236,No
No,1253.0413172963,32362.6525065495,No
Yes,2128.43414823871,22664.219843924,No
Yes,1329.3983510722,15971.5732370007,No
No,1164.51340619208,29874.4887927038,No
No,2054.45252745952,37366.7650507786,Yes
No,673.092439896694,27894.0939871045,No
No,1234.51247251861,50293.4335358584,No
Yes,641.220757059698,23265.6923595285,No
No,1350.60326099354,21541.2987938108,Yes
Yes,1337.23518702176,32761.0534040074,Yes
No,980.763938624199,43650.5344586779,No
No,339.95904709248,36132.805687911,No
Yes,1926.3715830091,17012.4381440591,Yes
Yes,1419.36036165965,20118.5581992659,No
No,709.617220538757,34624.8357471742,No
No,1708.65972028717,38203.5094749589,Yes
Yes,1807.66621807195,18166.3226526991,Yes
No,354.702587096373,29893.039733018,No
No,287.200151889446,45952.728923726,No
No,1854.6041538508,38406.3564635228,Yes
Yes,987.154095590613,13002.4855508597,No
No,1436.31154943473,18810.8041351982,Yes
Yes,1068.86074173834,20804.3786766452,No
No,215.75271922503,22254.5891732126,No
No,778.474666113432,39360.1640871243,No
No,444.304074050634,43424.9349887183,No
No,819.530733510064,38456.6150377655,No
No,0,28363.7136990121,No
No,1168.0925556287,27823.4542224725,No
No,1549.89467343683,47916.2948560542,Yes
No,735.018855874434,25305.2539541423,No
No,1563.53519785347,51704.9199686192,Yes
Yes,1433.16763517475,18087.6863730016,Yes
Yes,1681.48150579852,10155.3239877604,Yes
No,681.213002165506,37287.2297831665,No
No,1309.55944948148,36851.2691176579,No
No,0,39830.0916182418,No
No,367.668095917734,50025.944580281,No
No,717.742833830408,49347.021805396,No
No,430.651094177701,38372.021246678,No
No,6.0718923507153,46930.5751609952,No
No,1488.46992484111,36457.2232810267,Yes
Yes,1567.67928171741,19172.6794504669,Yes
No,0,50258.5389376857,No
Yes,231.770725857912,13702.4709168115,No
No,203.300081077181,53055.6944283309,No
No,1092.09883401769,32122.0511847396,No
Yes,1902.96956487606,12464.3030428074,Yes
Yes,970.832756037516,19096.8894116814,No
No,1268.59397286501,42012.8965861893,No
No,657.531112911779,40807.2813020757,No
No,1661.75264500024,21871.4629698414,Yes
No,2075.18875447378,40882.4942205655,Yes
No,987.566250569473,49542.4042328822,No
Yes,723.371847127379,17623.5856688343,No
No,1000.37678190467,40272.3020222245,No
Yes,2109.99939482269,17774.5252912207,Yes
Yes,1045.6574660296,23335.0463297184,No
No,584.193242183484,36676.7891499965,No
No,1590.64164138129,36242.4969956276,No
Yes,1123.34001168521,20785.6402268094,No
No,1111.69151735154,43659.0705877284,No
No,974.507818365927,25346.7782137892,No
Yes,285.649618597346,26874.7545848903,No
No,596.620026917752,30764.6620547444,No
No,1511.61095196469,53506.9449260287,Yes
No,601.689646743678,31522.7848464765,No
Yes,1316.65207634709,12165.7289983026,No
No,122.094308759452,46609.3974801976,No
No,1839.32220772717,38104.0911062601,No
No,215.541422559435,55278.4326522823,No
No,463.085599132038,46760.4958851049,No
No,1035.16023564515,67450.6880740411,No
No,880.39651795853,60206.0865523297,No
No,570.024684333736,40987.062331077,No
Yes,1194.88454948711,18943.404107102,No
No,1198.83280693131,40275.0895006703,No
No,1523.37267411625,44603.3263715189,No
No,1274.15968500757,41943.6775238178,No
No,275.063482035166,28266.1719807673,No
No,496.773960094507,38316.1354372489,No
No,306.459195932147,36812.6260466299,No
No,0,38954.1074974879,No
Yes,1725.38695367817,19915.9294906171,No
No,813.133978036295,59309.4766826029,No
No,945.268218836474,38738.535388431,No
No,0,16601.6352758397,No
No,758.134285088564,33220.5754915223,No
Yes,2177.15086891132,17659.7478222343,Yes
No,1928.28028339196,35492.1282298837,Yes
Yes,1428.0668825016,19818.2916600493,No
No,1028.76720660767,40346.8332744194,Yes
No,376.034543992985,50748.2717350015,No
No,2037.94335373876,43016.0721799483,Yes
Yes,640.639543022389,29236.6301917974,No
No,803.831186814095,33417.7724119945,No
Yes,1878.00114593831,17473.1839905825,Yes
No,0,38686.6752901228,No
No,1026.35885461087,56182.1299303767,Yes
No,1602.8069430866,34700.2659635459,No
Yes,1340.96638891561,18725.9542084895,No
No,1112.50930363905,44298.3856437862,No
No,1586.50219904833,48925.9333773086,Yes
No,198.929141819723,50463.775492981,No
No,1954.33329923565,35067.5349242276,Yes
Yes,1473.03456108025,18108.9616707213,Yes
No,605.847239898752,58892.9054842696,No
No,1078.48346006262,40944.2697839083,No
No,731.477128185087,18843.2713163752,No
No,1734.22804374841,37621.6331723075,No
No,309.740932405142,33333.5647205627,No
No,1733.82467870178,26330.5117293113,Yes
No,266.277758688327,41204.2949910119,No
No,1174.19490858526,35533.4845189991,No
Yes,989.090770148173,20262.0219405694,No
No,692.15523399331,37592.2608516004,No
No,1412.19244842734,37283.0081014143,Yes
No,1132.07848219228,29715.3049436,No
No,855.292565736026,35749.0327861947,No
Yes,2113.62976138136,21100.7217870678,Yes
No,979.316714853783,27534.9121409756,No
No,1711.16909322993,18579.1024704064,Yes
No,1170.02740630312,33332.6257830801,No
No,1470.57249106757,44490.321073276,No
No,1483.68901084985,58310.5123479193,No
No,0,57898.4151586563,No
No,636.238668216172,39172.3633653161,No
Yes,864.357126766229,10484.7705038946,No
Yes,1936.06186248878,13377.8288411616,Yes
Yes,1406.91736397007,16427.1007755423,No
Yes,1200.59444464954,13772.9891155444,No
No,762.57449743267,45526.8947859781,No
Yes,1887.88171576879,21901.1824969382,No
No,1008.67500060109,68610.4120555314,No
No,677.758794018199,50309.0647156314,No
No,1844.88383884583,35508.6754221796,Yes
Yes,599.470983151448,18575.4084167931,No
No,601.26329258483,24400.0962522342,No
No,1575.71270470809,45957.2447176986,No
No,463.002217743353,42297.457797763,No
Yes,846.959069993446,20659.8532659399,No
No,234.743603957668,27499.9536219838,No
No,1468.78805535161,38521.8701999955,No
No,1969.94292393429,29415.7532920711,Yes
No,356.827645393509,39444.8253488201,No
Yes,1647.28224769539,16154.4622803728,Yes
No,307.476238460687,36120.9685897979,No
Yes,1758.40657080375,14272.2737755857,Yes
No,797.742647053305,53398.9285871911,No
No,918.09337371899,44112.8101652491,No
Yes,2247.42188932705,17926.7230141293,Yes
No,455.190784198115,36488.1578499807,No
No,401.180757478873,39686.6759484968,No
No,2096.13639137234,49992.5298141708,No
Yes,931.649113036332,19179.4467878978,No
No,577.131996919527,43616.0962322882,No
Yes,1102.43498209896,17391.779646823,Yes
No,263.656061763757,50782.8322029761,No
No,757.907711197946,37088.8395732868,No
No,1.67402590271342,23001.6670760201,No
No,1131.41243362462,37663.2268693235,No
No,882.264534452783,18379.5148607438,No
Yes,865.205866068633,22081.5816392531,No
No,1801.80118346806,24152.264834226,Yes
No,982.839988770985,32419.665047656,No
Yes,567.722580913533,14892.3244451469,No
No,1071.25835436445,36869.0525759518,No
No,991.961167212548,49910.0968835837,No
No,0,29721.3418700634,No
No,479.677151780228,40995.0362099409,No
No,808.999102581178,26379.8866963464,No
No,357.969460728933,57012.5508813006,No
No,1741.91491543247,35067.4251226861,Yes
No,662.703254958649,48652.1699429375,No
No,1823.63655922363,44260.1563740071,Yes
No,752.466763910773,39896.1093744995,No
No,2075.32789240119,43817.4994165192,Yes
Yes,933.350405092987,15557.6325634422,No
Yes,402.909163047921,22752.3269494562,No
No,959.482038937641,31357.4463317624,No
No,271.942208218099,27790.0692786973,No
No,1719.16924073123,57866.0587647857,No
Yes,774.347691273785,15147.4050875774,No
No,415.288751920261,35790.1308927711,No
No,511.605906978194,29914.1762585761,No
No,539.593429120106,9950.22944716287,No
No,897.285608502453,66547.9153478775,No
Yes,487.51140380731,17713.5886677689,No
No,630.028950845409,43547.5421743949,No
No,1712.47003698299,40395.3463717659,No
No,25.6029427284892,35464.2479757401,No
No,961.488850067884,27717.6149963238,Yes
No,1100.00893133463,34358.0746761477,No
No,220.666752812166,64467.7333980933,No
Yes,0,17744.9299653708,No
No,415.655366739528,43389.6607477004,No
No,1258.76479390195,26331.3723972254,Yes
No,1355.961899173,25208.0488594895,No
No,1616.96212541135,47504.664497325,No
No,1054.80558912853,52290.3406700021,No
No,1178.15885831725,44437.2021385296,Yes
No,1517.91895836893,49400.1708378773,No
Yes,1085.15296585933,20054.8984973707,No
No,928.094090319006,55894.6620242872,No
Yes,2145.60767410022,23516.1913448152,Yes
No,654.416009758667,47244.7041815369,No
Yes,1090.92505943976,18935.8182197473,No
No,740.885186560821,34196.067455362,No
No,674.03256185589,54832.6657286731,No
Yes,1181.58600890881,22142.0521488123,No
No,571.041501274187,40389.4463334741,No
Yes,2125.79220209824,19539.1486085893,Yes
No,795.49732640836,25336.3268493182,No
No,199.454789588577,57455.2101645723,No
No,985.75273950769,22829.5879790936,No
No,1114.83218093412,39776.9989569363,Yes
No,298.775139374477,33255.838852479,No
No,1075.11834569501,47566.7840330557,No
Yes,1000.74058586802,14689.4946797589,No
Yes,2086.53616450154,17893.7213718312,Yes
Yes,726.764145685598,16079.6367519751,No
No,1384.39245361744,35499.526931748,No
No,196.515561979567,44226.6317697564,No
No,589.914146029848,49945.3890058123,No
No,1068.14635014194,27859.8644498139,No
No,123.286068118428,47467.9589538027,No
Yes,1592.00464654421,19982.2900564444,No
No,2413.31944892365,38540.5727051179,Yes
No,2187.22484631191,42205.1230478132,Yes
Yes,793.347450948707,11495.3931419745,No
No,1588.52620557925,38014.5688450189,Yes
No,336.907119558385,41907.7161462936,No
Yes,1434.84916401448,17459.0312731554,No
No,0,43066.267558787,No
No,286.928183997805,50618.7226076452,No
Yes,2182.34895374804,22037.8596945121,Yes
Yes,1406.56767107532,23050.8882693756,No
Yes,662.090603124755,16310.7945058364,No
No,777.01624823921,52797.9390479479,No
Yes,769.711499590641,11262.6385471944,No
No,768.154883649884,39701.9349136446,No
No,1631.61561720793,38906.956406913,Yes
No,655.267748369062,28642.5825660655,No
No,1522.85515471843,35805.2559666713,No
No,1561.53353016525,54594.8467076871,No
Yes,1227.36527335002,12128.1481729045,No
No,1408.43808460249,48012.9135707117,Yes
No,1316.42181029894,45806.9015129082,No
No,1803.1702590052,36192.6302248573,Yes
No,1156.93399834045,45325.3409651328,No
Yes,1060.87882369475,11041.3314995672,No
No,1638.68704646198,38441.1580318724,No
Yes,1954.32168919689,17137.4737238985,Yes
No,1157.27734673627,31369.4919406711,No
No,1424.93289000674,27668.952235473,Yes
No,0,58825.6151260292,No
No,1345.56313071406,38602.1129816912,No
No,1920.24233205636,57242.9834069871,Yes
No,343.726999112545,38054.5553979042,No
No,740.580773422977,20717.544444772,No
No,743.849598629398,24303.4676265731,No
No,1089.57706066055,46890.2154037835,No
No,880.032832524916,60203.8815636414,No
Yes,2066.69560264995,10470.6359999562,Yes
No,2343.79751269872,51095.2939288164,Yes
No,1302.55349925073,32235.0524502403,No
No,435.004134228777,30828.8603927349,No
Yes,1106.45352459194,14840.9381345027,No
No,631.804597881122,32752.5192557897,No
Yes,1985.32173867563,22248.4026595649,Yes
No,147.049333558096,52074.5106972395,No
Yes,996.205915012754,13647.5357449778,No
No,1572.34558970181,37895.1730685155,Yes
No,1670.85028486118,54442.2661966056,No
No,481.989491304848,19240.3142866129,No
Yes,793.796375781413,21172.4041224321,No
No,1805.55958800801,40119.7878293954,Yes
No,1475.50384683721,44769.1221419027,No
No,1650.57800035387,31514.2596520501,Yes
No,1349.10644291826,28340.4373630662,No
No,2124.67131340206,44520.000102649,Yes
Yes,1704.57852928341,16887.4051366611,Yes
No,1443.50744678497,47205.348659789,No
No,1034.36018039369,25111.2125512162,No
No,889.565857036579,49941.0886297848,No
No,660.05891868537,39163.3272651966,No
No,574.955357679402,33517.2110282314,No
No,1819.24909460129,49621.0561715013,Yes
No,1227.26180035355,49697.0461841938,No
No,1797.76701894827,47068.724605617,Yes
No,1605.21458639037,26149.1482230276,Yes
No,1669.5026869634,30259.256369494,No
No,1187.46360760233,37092.5904084287,No
No,580.164720972546,31879.138933856,No
No,840.236847473966,24801.368106669,No
No,841.526249578981,40239.677398712,No
Yes,1893.02300430521,16853.3295653838,Yes
Yes,2168.45319610867,24648.9799157642,Yes
No,456.830738069141,39629.5808401885,No
Yes,1327.28243902948,15819.3593199174,No
No,1838.87136892563,32129.3398189179,Yes
Yes,1109.46821724848,21663.1324734238,No
Yes,1523.88009546054,19342.983519581,No
No,1233.50222154788,23031.6008932731,No
No,1434.12771574145,47311.5304210632,Yes
Yes,1895.33493298048,16394.5081086404,Yes
No,1734.45156392034,31578.0049503928,No
No,932.056966292719,45505.3072242837,No
No,976.704047909637,59291.7225668652,No
No,1069.74833184278,32441.2819775573,No
No,1165.81259867426,47005.5732858795,No
No,1193.76279235836,34909.3088814725,No
No,915.203083538807,31422.9455472119,No
Yes,1805.6183529996,19168.0299741275,Yes
No,476.591394942606,33760.4583097893,No
Yes,1230.71462791196,18581.2746126331,No
No,737.041709018461,27879.6568461805,No
Yes,402.503365602264,12255.8707416565,No
Yes,1273.1862477934,20429.6213674886,No
Yes,212.708644106102,13155.6720563754,No
No,691.202279432214,38948.1053558833,No
Yes,502.645821222757,14425.0841680532,No
No,1562.45458493467,43067.3337360648,Yes
No,1107.48786714994,23530.6227254858,No
No,574.638223310543,41914.4695159586,No
No,1847.79137287982,30202.8462381974,Yes
No,1119.57544932473,42280.8090301403,No
No,1086.42093928535,38656.6631307308,No
No,1508.64924310288,37111.3089039706,Yes
Yes,1570.6587796556,16239.1531737462,Yes
No,645.201209110071,44324.2243635148,No
Yes,1287.28723524741,13215.9702541318,No
No,1167.03505894924,34467.5428636393,No
No,949.129084899619,28411.6564861553,No
No,1914.10696202772,55573.7017123721,Yes
No,1347.46071020221,32720.4457444376,No
No,366.090802610492,47096.3780661141,No
Yes,1957.12029492724,18805.9521289077,Yes
No,1456.96393044029,49054.1938883123,Yes
No,1341.05478800605,33778.1620359403,No
Yes,1189.31395853398,19545.7271170543,No
No,432.092064833132,56732.7372801469,No
Yes,1862.53865898232,23839.5725230292,No
No,1143.68050317136,37751.0173411394,Yes
Yes,2287.17384201509,18692.1443107782,Yes
No,1168.34700459466,39275.1935417815,No
No,1010.42114145537,46217.8095555543,No
No,402.632427287244,58828.7922472825,No
Yes,1658.60225711853,14821.0045610976,No
Yes,70.7336120060838,17466.1389631533,No
Yes,1233.44589515108,12586.4781909623,Yes
Yes,1338.659659247,8078.17604672449,No
No,740.386785882644,46877.960742233,No
No,1239.68306767989,52241.4556649147,No
No,810.278839424482,51283.147864078,No
No,676.652720204,31741.4310589349,No
No,1118.78983433131,39111.792335154,No
No,380.189188166333,40689.9204355211,No
No,1723.18721476173,43143.1644908776,Yes
No,252.376727131597,39723.4837311651,No
Yes,1037.9745946763,15580.7688790303,No
No,842.985664608997,42682.1420130652,No
Yes,1258.5287351543,10920.9645851391,No
Yes,1553.34965666218,18091.9437361812,Yes
No,1597.05208352263,50827.8075383476,No
Yes,2092.4585301161,14514.7699586373,No
Yes,996.232072600701,10707.9426639873,No
Yes,1893.94295526224,12399.1247374186,Yes
No,1394.07975394572,27179.4287768602,No
Yes,1405.31717376017,17933.2370088231,No
Yes,997.936283119464,25788.3631535607,No
Yes,1806.92184567205,11506.2177502211,Yes
Yes,531.358419832627,11420.5686950673,No
No,199.594525689419,27579.3533932148,No
No,1044.78688912355,41148.5400571297,No
No,838.017911018859,42232.9415102544,No
No,1476.50978220195,42984.4128511994,Yes
Yes,885.212531955794,11774.4165700229,No
Yes,821.257288150696,17347.4394608849,No
Yes,1321.53537905713,23735.1598892282,Yes
No,954.330590043764,27180.5459647451,No
No,1224.93071142997,44002.654530336,No
No,178.047346838311,35401.7089664284,No
Yes,1807.70584411186,21849.4816313093,Yes
No,1329.09676232805,60321.6132109193,No
No,410.935624537375,39076.2728228248,No
Yes,1506.69167525026,20680.1826452459,No
No,182.890963170823,21286.8499922913,No
Yes,889.292843041319,14273.2937150958,No
No,1219.63445995773,47936.306775547,No
No,1332.53107136617,36974.6082048979,No
No,628.419545661226,34756.2476400261,No
Yes,666.424383991103,19177.6793706387,No
No,1833.64654831254,43539.7843334378,Yes
No,655.20772780495,30593.1475751348,No
No,881.649854860828,50114.7005356449,No
No,269.290141295066,43778.7328806282,No
No,636.304309844044,52011.0692162142,No
No,607.721136462867,41791.8877368967,No
No,456.915217880585,42506.8631535506,No
No,1377.68001967136,41435.2694991584,Yes
No,679.827666865443,43692.5363856043,No
No,1529.1526518707,43826.2912683102,No
No,429.352532991566,17208.7140267255,No
No,820.691852133479,28064.7322000798,No
No,1072.82262116598,54527.9792844031,No
No,1014.72519283073,40223.9927344649,No
Yes,1315.47627172776,27959.6434664187,No
Yes,1988.86974718816,17762.8659115926,Yes
No,1721.43491831519,41999.7033384974,Yes
No,707.443669728332,42656.6491442273,No
No,0,39329.8081786913,No
No,1757.73849947833,51991.463494111,Yes
No,1593.83791898813,30570.1610817938,No
No,449.141606354352,40992.3027259711,No
No,1125.30209345745,33408.6603429212,No
No,896.734422758778,21627.4525178203,No
No,633.850429789732,29213.3758259483,No
No,820.945303026583,34064.6736772751,No
Yes,313.396031622244,18071.688034514,No
No,1392.59975316796,37620.2413146324,Yes
No,1493.03389710926,30848.619107257,No
Yes,2461.50697867784,11878.5570446708,Yes
No,880.047280737316,45092.5924026719,No
No,980.397103132796,41753.0759839079,No
No,698.074827953718,37027.8160711082,No
No,0,38686.5814275621,No
No,423.337696771481,60170.5744657902,No
No,1621.57578487284,36577.8462027349,Yes
Yes,2117.12061387647,12143.474803771,Yes
Yes,651.548784488851,23374.832966803,No
Yes,1875.45889462485,17820.4633288357,Yes
No,1793.29061177025,45117.3819107052,No
Yes,1371.09386785115,16204.7689613384,No
No,1099.05770130181,42590.8944537008,Yes
No,763.77376432623,60938.6640992445,No
No,337.874909315449,30090.5305102133,No
No,660.244841965786,40885.8469473715,No
Yes,1294.28570216638,17444.6035649087,No
No,212.647740871301,29592.1708509053,No
No,0,60203.5960308717,No
No,150.663617880078,42800.6969182602,No
Yes,414.80645089261,18832.0342148101,No
Yes,1627.77461253757,23516.6390314813,No
No,982.514587249152,62140.9254615139,No
Yes,306.041314131214,13190.8322602958,No
Yes,0,21294.1484759847,No
No,1194.20572499595,45588.180687979,No
No,374.926190630489,39167.9726848544,No
No,1027.05457933546,44268.9587280937,No
No,1809.40986352205,33453.406538286,Yes
No,1588.91625121915,54043.0062999103,No
Yes,1127.43595508475,23495.5655168774,No
No,915.462438962574,33887.763638343,No
Yes,794.146806723789,12519.7683906824,No
No,108.003864382255,44764.2888968549,No
No,747.139341956808,42318.9332825577,No
No,1610.48401491748,35589.7338305398,Yes
No,602.195012175499,26768.9174174437,No
No,352.278325535015,34359.8412383948,No
No,1713.53785147756,43899.0842902538,No
No,838.653016857442,25272.4860672589,No
Yes,686.694378860884,18551.5300581174,No
No,2040.59017105597,50930.9107859245,Yes
No,768.694006876275,32373.771051203,No
No,2038.89185057887,58606.4862432055,Yes
No,1794.41157502235,44037.8475163971,No
No,2024.82021156467,64135.4310819166,Yes
No,1598.02083082886,39163.3610556876,Yes
Yes,2578.46902158917,25706.6477744655,Yes
Yes,2083.22837647615,20103.602739227,Yes
No,304.482793486527,52543.8282903446,No
No,778.819743345405,31986.5712070236,No
No,27.3018826937546,25050.827087992,No
No,1008.47823148071,22094.7480844484,No
Yes,180.095142403637,27351.4288203371,No
Yes,1721.97302703926,15179.7493287096,Yes
No,0,50956.67560531,No
Yes,489.927554476048,21445.5300432689,No
Yes,1402.20572671052,15964.2091821951,Yes
No,1150.99981758188,50099.2936231523,No
No,0,35116.5909600078,No
Yes,1934.51114219071,17084.048577191,No
No,758.392131608197,40751.4074796687,No
No,1387.87328681612,27145.7032793199,No
No,1511.17770618893,35899.2558430202,No
No,304.146597789837,23866.9358580166,No
No,607.166270936521,49547.4658155602,No
No,331.164338742849,25922.4167354017,No
Yes,1147.35490966558,19188.9082733679,No
No,626.973938404489,50447.7741503172,No
No,847.720792941679,55260.3498094267,No
Yes,1199.59268578389,16454.749842006,No
No,586.602608270933,27798.1683237731,No
Yes,978.53856684773,16514.3249498654,No
No,0,45560.9128917675,No
No,722.768006648193,20962.1064483564,No
Yes,887.880819486513,20563.1471269038,No
Yes,1451.30354178896,14185.1379196466,No
Yes,1143.3982045504,15997.1711895633,No
Yes,574.818229191728,16479.5388337621,No
Yes,879.627008263598,14898.3114661048,No
No,619.139261665316,41281.9809640348,No
No,225.364695124737,60275.8833588615,No
Yes,2038.54315996182,12181.902584317,Yes
No,868.494476319032,22176.2762497007,No
No,111.416890994626,33328.2458835673,No
No,1940.3716198907,41162.9336560565,Yes
Yes,981.997998407385,20147.5118507633,No
Yes,315.978748024358,13186.1176938327,No
Yes,969.90946533819,13962.3324283703,No
No,604.980002579675,38885.3103196378,No
No,623.517380541497,51677.3454162215,No
No,1043.55235783125,38393.6118953888,No
Yes,1202.38503020909,20550.6377000894,No
Yes,1493.96853901776,24126.029785681,Yes
No,1562.83791774789,49303.0094684327,Yes
No,150.94951081572,36923.5521943078,No
No,1333.69998094298,44361.6208714047,No
Yes,999.391696394237,23688.6489687946,No
No,381.704099186758,25011.1033931994,No
No,518.680792277915,30151.3304613229,No
Yes,1222.9665870908,21373.3500951251,No
No,1804.19050453849,23096.0843640887,Yes
Yes,671.131730723303,11857.4776351159,No
No,1545.98280486837,32691.9238251651,No
Yes,1031.63836091527,21432.147052673,No
No,2236.76421456131,37113.8830697644,Yes
No,981.799329814043,49644.9187081982,No
No,614.940983622697,30905.479817434,No
No,253.521881501858,37506.2067343011,No
No,1508.25085941898,43525.0527725642,No
No,325.927636632494,57313.2824969147,No
No,699.604275562255,49035.2474604604,No
Yes,1464.63624150705,14763.5626843165,No
No,525.515682022251,50763.9840052729,No
Yes,1874.82261243745,14957.8163342872,Yes
Yes,1164.66696609579,23297.1578875709,No
Yes,837.521493456654,13215.7858131515,No
Yes,2034.67471782133,17133.9659619014,Yes
No,991.520923604118,30775.5207643452,No
No,838.924060067205,47864.4189213508,No
No,1655.77559694702,25639.7935387017,Yes
No,850.466593719231,34367.6765291129,No
No,244.662374521967,29275.115419093,No
Yes,1013.21688638161,19651.2617936432,Yes
No,817.621089103321,43705.822710524,No
No,1281.44884880957,48837.3787603345,No
No,1294.52356958022,28001.0490731826,No
No,341.322290452253,33808.3361791774,No
No,1116.72035656284,33716.1775223316,No
No,2155.28898610335,34787.2526819072,Yes
No,1743.06470981777,22308.1257490576,Yes
No,1305.77469775412,34412.116373967,No
No,1866.30465255816,58710.8876485058,No
Yes,2024.66016984007,9663.7881589584,Yes
No,48.7255629593075,37957.9021382577,No
No,1815.79252000645,31632.5838611298,Yes
No,2063.57193445013,37372.7584928128,Yes
Yes,1740.76830587972,18161.2440790232,Yes
No,1994.39506620033,44794.3375042287,Yes
No,441.336983219759,55970.9233586644,No
No,413.114594729778,63793.5576339873,No
No,1361.73579057918,50322.355320138,Yes
No,1292.43021067816,50990.5771675202,Yes
No,435.592200214182,38830.5180173373,No
Yes,2654.32257628018,21930.3888786977,Yes
No,527.271574424434,41573.9819083321,No
No,1622.4990392531,39228.5414258989,Yes
No,1131.60205423585,19893.7723062072,No
No,0,44981.150289516,No
Yes,1739.83781216118,21593.0128492377,No
No,0,50496.4737233152,No
Yes,138.906309174776,13005.8951509307,No
Yes,1010.84859095171,16428.7545549193,No
No,499.818601940851,31335.9607609844,No
No,690.185731263381,32761.2272146714,No
Yes,1276.68508261978,19282.4359237479,Yes
Yes,969.25234104125,16864.0434885401,No
No,1625.63987632474,65026.7389252459,No
Yes,1112.12991899495,22709.4334546068,No
No,326.670018453137,50562.4903339961,No
No,793.970969480621,41931.585345531,No
Yes,1447.4181082241,16658.4240877415,No
No,641.254587415807,31306.5348373144,No
No,420.495831855675,58264.205816867,No
No,325.870131459589,35015.2689694775,No
No,1453.29287212607,43370.7578850906,No
No,538.942731686188,23289.2804604069,No
Yes,2133.74548094099,19675.5075861463,No
No,2062.87062844915,30839.1806730601,Yes
No,1323.62814220734,18820.7949690603,Yes
No,1926.59908212714,59224.4527589955,Yes
Yes,1395.66898658783,21374.5921195464,No
No,1057.63317363302,37229.8073120709,No
Yes,132.104558748117,20065.722478815,No
Yes,2149.33681165388,15093.827527253,No
No,2049.0298451449,52568.9088071495,Yes
No,1400.16318688457,52343.4771775422,No
No,0,58233.020960533,No
Yes,655.510126293906,15771.4924298364,No
Yes,100.355432954224,13940.6026640982,No
Yes,1343.24351654883,7032.06000893064,No
Yes,2207.59905386637,19780.7635185799,Yes
No,1315.55876543897,35456.6960512827,Yes
No,0,30098.4215418435,No
No,791.663341774579,48127.6261396151,No
Yes,289.356947353925,15715.5006522284,No
Yes,1095.61200214885,10450.7448786067,No
Yes,1359.21394743248,25548.4874099867,Yes
Yes,802.369267071566,18999.5252923259,No
No,915.592009370862,37720.1872737065,No
No,2006.98617301263,50033.5331529481,Yes
No,717.434420182684,45267.819845936,No
Yes,1050.15133269262,16963.8126910891,No
Yes,927.632100647308,20640.7741049258,No
Yes,1391.4415971628,11685.6454285004,No
No,0,42616.6015727837,No
No,555.22995118937,22788.9680825098,No
No,627.383759585527,47489.2830811426,No
No,1248.39968478018,41555.8109876492,No
No,666.529950650783,51876.4896525719,No
No,1235.48576796347,29992.185950678,No
Yes,2352.05494931522,24067.5481040571,Yes
Yes,860.917730636065,11575.7021870812,No
Yes,918.828888145091,16110.9904627923,No
No,1040.10566508529,16905.4579370983,No
No,749.114739643679,46478.1051575446,No
No,948.705393027503,14095.809610144,No
Yes,1038.54099708928,21839.720028992,No
No,1288.40699655441,44253.3087353926,Yes
No,861.36386043585,47969.6772642797,No
No,1747.98366856951,18966.10957371,Yes
No,0,50559.470747056,No
No,343.643178302344,43483.7379647757,No
No,444.604796363456,51584.3363563541,No
Yes,1420.02298162135,26424.5390754184,No
No,0.0238162970920257,37981.7806257266,No
No,698.078872879415,38960.2671895006,No
Yes,1789.47747479376,17667.7822202713,Yes
No,1124.966526782,50701.727536775,No
No,1856.91471650834,33445.6168691596,Yes
No,1125.6565618153,34758.1237796202,Yes
No,514.859436188812,57241.7030807118,No
No,594.364428159126,24273.5624820861,No
Yes,472.024537068754,13685.4701306953,No
Yes,380.90510662748,22042.5700144763,No
No,965.150483568005,34783.006878247,No
Yes,1403.1635255755,28207.9316716435,No
No,1234.10202131484,43764.8686376452,Yes
Yes,1463.82811094,15657.4344832514,No
No,450.327485622248,52446.4100002697,No
No,1476.76264263876,54844.519341711,No
No,1264.13238499978,35385.1168046383,No
No,1474.63803590209,39872.2277658541,No
No,204.030246673872,51108.0449636601,No
No,1800.64173306343,48708.9599348881,Yes
No,1168.57073487805,47561.0980956441,No
Yes,1115.54335974595,22552.7130871241,No
No,1547.99544475031,37524.2535271978,Yes
Yes,1367.85595504108,12489.814247912,No
No,938.090134362438,46370.8212570407,No
No,2095.11481689194,44647.5864831921,Yes
No,751.354391933644,27179.7616531196,No
No,910.087841290055,25183.7682534076,No
No,1322.96904167252,51956.2918282558,No
Yes,1538.0156030863,21356.9371123679,Yes
No,322.288698122369,19420.3997838148,No
Yes,1447.97079301048,16421.4554957761,No
Yes,1057.59936601373,21570.7527878446,No
No,1815.17411191986,23648.4135102395,Yes
Yes,167.637914781781,16771.5670281056,No
No,272.526141718933,32687.1095927352,No
No,986.760089723137,44605.4451140349,No
No,0,43930.9036889936,No
Yes,884.311899856719,17542.9196731794,No
Yes,0,18875.7716745482,No
No,874.617420386964,37143.6448678682,No
No,863.046051003096,50667.8767561549,No
No,572.88950065498,43381.9152726882,No
No,521.90282712011,47032.5993473814,No
No,770.486334076718,25445.8776820274,No
No,797.316656880086,35034.8069148208,No
No,2073.7828464432,52335.5505993235,Yes
No,961.732661954925,27600.4162967222,Yes
No,768.810302366349,47003.4405822046,No
No,38.6791212371011,30961.7422399322,No
No,1825.97059923332,39407.9170346961,Yes
Yes,1583.41803094344,23434.7087125009,No
No,1658.96768927915,38204.1226198861,Yes
No,1329.91138843467,50560.7622488765,No
No,913.886573498561,15220.503772624,No
No,602.622894902464,25376.4500993846,No
No,1506.19184823604,47061.3945398275,Yes
No,1486.0548096624,34705.3612203416,No
Yes,1719.25565479764,15752.0080061962,Yes
No,915.518055990193,42331.0216310488,No
No,381.566519897813,49114.8926501904,No
No,1156.99452812612,53450.2735865097,No
Yes,2046.63951494124,17910.6344721428,Yes
Yes,1726.47960966875,13654.6049381595,Yes
No,1666.1138341785,25054.7678239285,Yes
No,959.159213374077,59435.2345810762,Yes
No,652.397134412879,46155.0438680055,Yes
No,132.73090182934,33370.8343428413,No
No,1063.72450300539,26045.9283574804,No
Yes,1658.37357455808,22010.4856755611,No
No,1490.98304584582,39596.0574087303,No
Yes,1847.46964656061,19388.6893093459,No
Yes,118.201492870089,15472.655985471,No
No,1082.8154177681,41355.9855919617,No
No,1293.45968181568,48039.9364466138,No
Yes,1502.18673866603,18603.495531833,Yes
No,619.029259422622,42868.5896075151,No
No,870.971725740693,39653.3767206921,No
Yes,926.569431024724,19243.406446276,No
No,1555.96807003044,34417.8730826113,No
No,819.11260539853,50082.8887115636,No
Yes,1004.63015294009,9643.36615066435,No
Yes,1170.91153622666,19473.6919261194,No
No,2128.79599194797,42096.5023677566,Yes
No,4.10094016965502,42174.1797420201,No
Yes,598.733312937679,23118.5310986333,No
No,1088.57477295941,43883.1492462512,No
No,1111.95814288827,47254.6895873957,No
No,548.839275833041,44909.0661956785,No
No,143.375320218317,17435.096380549,No
No,287.843200948489,46617.0633958336,No
Yes,1070.7521199751,11383.4426471097,No
No,452.367912290375,29254.8710158075,No
Yes,811.688675857525,20016.7525348576,No
No,905.531751819024,43066.0600596803,No
No,675.114951936145,58672.0516489082,No
Yes,1530.55147909759,13003.9292044954,Yes
No,1698.82614249543,27374.8875156932,Yes
Yes,1867.30856911342,24720.4805591524,Yes
No,1508.74901177888,30587.3439815421,No
No,1975.65302824061,38221.8397449546,Yes
No,1115.96125304207,30620.2684728371,No
No,1000.76456080856,36709.083782756,No
No,0,39469.9289877503,No
Yes,906.123815340083,19275.8001435789,No
Yes,508.050299741586,14925.9611545816,No
Yes,1219.97548042256,15039.5536205707,No
No,1973.82214669185,27340.0122687502,Yes
No,1335.61287132382,37595.3442741023,Yes
No,438.080376882359,44737.658451196,No
No,663.675171211673,38338.205726286,No
No,2288.40808192017,52043.5690521956,Yes
No,1084.90992326231,15981.6890852726,No
No,2148.89845431192,44309.9171725874,Yes
Yes,1627.89832265731,17546.9970160528,Yes
No,625.870177750823,53756.0440632584,No
No,751.366627619233,31574.4211611568,No
No,876.474860305473,39499.2768099668,No
No,696.465751345071,37599.6201297167,No
No,449.312927967573,47494.4324934018,No
No,456.710814525515,21892.177211324,No
No,1750.25315038805,51578.9401632488,Yes
No,1515.60623850741,48688.5120858599,Yes
No,896.721924827569,48703.4129743348,No
No,789.551178485739,30777.8389985845,No
No,2202.46239490796,47287.2571079624,Yes
No,739.418017847965,40656.9514480558,No
